ticker,entry_date,exit_date,entry_price,exit_price,qty,holding_days,exit_reason,entry_cost,exit_cost,gross_pnl,pnl,pnl_pct
KOTAKBANK,2020-10-06,2020-10-08,1325.0,1326.5,94,2,signal_exit,99.64,224.44,141.0,-183.08,0.11
INFY,2020-10-06,2020-10-08,1055.0,1120.43,237,2,take_profit,200.03,477.97,15506.57,14828.57,6.2
TCS,2020-10-06,2020-10-12,2736.0,2815.5,84,6,signal_exit,183.86,425.7,6678.0,6068.44,2.91
HINDUNILVR,2020-10-06,2020-10-12,2119.0,2145.2,118,6,signal_exit,200.03,455.64,3091.6,2435.93,1.24
ICICIBANK,2020-10-06,2020-10-14,377.1,394.35,385,8,signal_exit,116.15,273.28,6641.25,6251.82,4.57
LT,2020-10-22,2020-11-10,922.0,1001.24,260,19,take_profit,191.78,468.58,20603.38,19943.03,8.59
ITC,2020-11-11,2020-11-24,179.6,195.7,1310,13,take_profit,188.22,461.45,21087.27,20437.6,8.96
RELIANCE,2021-02-18,2021-03-26,993.7,942.25,212,36,stop_loss,168.53,359.56,-10907.22,-11435.32,-5.18
ITC,2021-03-19,2021-04-12,219.0,208.72,1061,24,stop_loss,185.89,398.62,-10903.57,-11488.08,-4.69
HINDUNILVR,2021-03-25,2021-04-13,2318.6,2505.61,116,19,take_profit,215.17,523.17,21693.62,20955.28,8.07
SBIN,2021-05-11,2021-05-21,356.85,404.29,464,10,take_profit,132.46,337.66,22012.58,21542.45,13.29
ITC,2021-06-01,2021-06-02,218.0,210.37,997,1,stop_loss,173.88,377.53,-7608.03,-8159.44,-3.5
LT,2021-05-25,2021-07-15,1460.0,1605.18,156,51,take_profit,182.21,450.73,22647.98,22015.04,9.94
HDFCBANK,2021-05-31,2021-07-26,750.0,714.42,317,56,stop_loss,190.2,407.65,-11279.01,-11876.86,-4.74
ITC,2021-07-29,2021-07-30,209.1,206.1,1373,1,signal_exit,229.68,509.36,-4119.0,-4858.03,-1.43
ICICIBANK,2021-04-29,2021-08-04,622.55,708.04,257,97,take_profit,128.0,327.54,21969.8,21514.26,13.73
TCS,2021-05-28,2021-08-13,3189.5,3410.93,89,77,take_profit,227.09,546.43,19707.48,18933.96,6.94
KOTAKBANK,2021-08-16,2021-08-20,1784.0,1711.01,160,4,stop_loss,228.35,492.77,-11678.43,-12399.55,-4.09
HINDUNILVR,2021-08-18,2021-08-23,2485.0,2625.0,4,5,signal_exit,7.95,18.9,560.0,533.15,5.63
RELIANCE,2021-08-16,2021-09-02,1024.4,1094.9,285,17,take_profit,233.56,561.68,20092.66,19297.41,6.88
ITC,2021-08-04,2021-09-16,210.9,224.14,1368,43,take_profit,230.81,551.91,18106.38,17323.66,6.28
KOTAKBANK,2021-09-06,2021-09-17,1808.0,1938.03,164,11,take_profit,237.21,572.11,21324.96,20515.64,7.19
HDFCBANK,2021-08-16,2021-09-27,763.1,817.49,383,42,take_profit,233.81,563.58,20830.6,20033.21,7.13
ICICIBANK,2021-12-10,2021-12-20,756.5,717.04,318,10,stop_loss,192.45,410.43,-12549.7,-13152.58,-5.22
TCS,2021-12-15,2022-01-10,3620.0,3891.93,86,26,take_profit,249.06,602.47,23385.72,22534.19,7.51
RELIANCE,2022-01-14,2022-01-24,1208.2,1159.48,265,10,stop_loss,256.14,553.07,-12911.28,-13720.49,-4.03
ITC,2022-02-07,2022-02-14,234.0,224.21,1312,7,stop_loss,245.61,529.5,-12838.76,-13613.87,-4.18
ICICIBANK,2022-01-05,2022-02-22,773.0,739.29,376,48,stop_loss,232.52,500.35,-12676.74,-13409.61,-4.36
SBIN,2022-01-11,2022-02-24,503.0,478.58,525,44,stop_loss,211.26,452.26,-12818.38,-13481.9,-4.85
ITC,2022-03-11,2022-03-24,231.9,253.83,1115,13,take_profit,206.85,509.44,24453.26,23736.96,9.46
INFY,2022-03-15,2022-04-11,1888.35,1795.03,131,27,stop_loss,197.9,423.27,-12225.47,-12846.64,-4.94
TCS,2022-04-04,2022-04-18,3762.0,3628.86,83,14,stop_loss,249.8,542.15,-11050.87,-11842.82,-3.54
RELIANCE,2022-03-23,2022-04-21,1202.45,1328.06,198,29,take_profit,190.47,473.32,24870.85,24207.06,10.45
SBIN,2022-04-06,2022-05-04,507.0,481.02,484,28,stop_loss,196.31,419.07,-12574.06,-13189.43,-5.12
ICICIBANK,2022-04-19,2022-05-04,761.8,727.18,355,15,stop_loss,216.35,464.67,-12288.44,-12969.46,-4.54
HINDUNILVR,2022-05-04,2022-05-06,2241.95,2122.37,103,2,stop_loss,184.74,393.49,-12316.45,-12894.67,-5.33
KOTAKBANK,2022-05-19,2022-06-13,1812.0,1727.19,143,25,stop_loss,207.29,444.58,-12128.25,-12780.12,-4.68
ICICIBANK,2022-06-07,2022-06-13,741.0,709.42,388,6,stop_loss,230.01,495.46,-12251.99,-12977.46,-4.26
SBIN,2022-07-13,2022-07-27,487.75,525.28,615,14,take_profit,239.97,581.49,23082.77,22261.31,7.7
KOTAKBANK,2022-07-25,2022-07-27,1816.0,1740.67,162,2,stop_loss,235.35,507.58,-12203.43,-12946.36,-4.15
HDFCBANK,2022-07-26,2022-08-16,698.0,746.5,439,21,take_profit,245.14,589.88,21291.15,20456.13,6.95
LT,2022-07-19,2022-08-18,1719.95,1885.89,145,30,take_profit,199.51,492.22,24061.41,23369.68,9.65
INFY,2022-08-05,2022-08-23,1608.4,1535.79,169,18,stop_loss,217.46,467.19,-12271.55,-12956.19,-4.51
TCS,2022-08-12,2022-08-23,3419.0,3290.51,91,11,stop_loss,248.9,538.98,-11692.99,-12480.88,-3.76
RELIANCE,2022-08-12,2022-09-22,1234.5,1184.8,60,41,signal_exit,59.26,127.96,-2982.0,-3169.21,-4.03
HDFCBANK,2022-10-31,2022-11-11,736.0,788.73,420,11,take_profit,247.3,596.28,22145.62,21302.04,7.16
INFY,2022-10-28,2022-11-25,1526.0,1643.33,202,28,take_profit,246.6,597.51,23700.75,22856.63,7.69
TCS,2022-11-03,2022-12-01,3228.05,3442.73,97,28,take_profit,250.5,601.1,20824.21,19972.61,6.65
KOTAKBANK,2022-10-24,2022-12-21,1902.5,1860.5,158,58,signal_exit,240.48,529.13,-6636.0,-7405.6,-2.21
HINDUNILVR,2022-12-02,2022-12-29,2660.0,2561.31,123,27,stop_loss,261.74,567.07,-12138.76,-12967.58,-3.71
RELIANCE,2022-11-07,2023-01-05,1234.9,1202.7,9,59,signal_exit,8.89,19.48,-289.8,-318.18,-2.61
ITC,2023-01-31,2023-02-01,346.0,334.44,939,1,stop_loss,259.92,565.27,-10856.32,-11681.5,-3.34
INFY,2023-02-03,2023-02-27,1597.5,1540.6,201,24,stop_loss,256.88,557.39,-11436.9,-12251.17,-3.56
ICICIBANK,2023-04-12,2023-05-16,883.45,951.52,365,34,take_profit,257.97,625.15,24845.25,23962.13,7.7
HDFCBANK,2023-04-11,2023-05-25,829.5,803.44,388,44,stop_loss,257.48,561.12,-10111.24,-10929.84,-3.14
TCS,2023-05-25,2023-06-16,3294.0,3198.1,99,22,stop_loss,260.88,569.9,-9494.4,-10325.19,-2.91
LT,2023-06-06,2023-06-19,2269.0,2415.39,145,13,take_profit,263.2,630.42,21226.77,20333.15,6.45
RELIANCE,2023-05-03,2023-07-03,1165.3,1236.41,274,61,take_profit,255.43,609.8,19484.47,18619.24,6.1
HDFCBANK,2023-06-30,2023-07-07,852.0,829.3,390,7,stop_loss,265.82,582.17,-8853.5,-9701.49,-2.66
TCS,2023-07-06,2023-07-14,3306.55,3482.92,101,8,take_profit,267.17,633.19,17813.2,16912.83,5.33
INFY,2023-07-12,2023-07-14,1351.0,1427.58,247,2,take_profit,266.96,634.7,18916.46,18014.8,5.67
SBIN,2023-04-28,2023-07-20,567.8,609.01,576,83,take_profit,261.64,631.42,23735.38,22842.32,7.26
KOTAKBANK,2023-07-20,2023-08-01,1901.0,1844.49,181,12,stop_loss,275.26,600.94,-10228.04,-11104.24,-2.97
SBIN,2023-09-15,2023-10-13,599.35,580.21,579,28,stop_loss,277.62,604.7,-11081.44,-11963.76,-3.19
RELIANCE,2023-12-04,2023-12-04,1225.0,1199.45,285,0,stop_loss,279.3,615.32,-7281.31,-8175.93,-2.09
HINDUNILVR,2023-12-04,2023-12-07,2577.0,2517.74,135,3,stop_loss,278.32,611.81,-8000.31,-8890.44,-2.3
INFY,2023-11-28,2023-12-15,1444.0,1533.97,241,17,take_profit,278.4,665.44,21683.89,20740.05,6.23
TCS,2023-11-30,2023-12-15,3499.45,3698.4,99,15,take_profit,277.16,659.06,19696.36,18760.15,5.69
LT,2024-02-27,2024-03-28,3475.0,3788.11,91,30,take_profit,252.98,620.49,28492.76,27619.29,9.01
KOTAKBANK,2024-04-12,2024-04-25,1811.0,1747.99,203,13,stop_loss,294.11,638.71,-12791.57,-13724.4,-3.48
ITC,2024-04-26,2024-05-09,439.25,424.61,832,13,stop_loss,292.36,635.9,-12178.15,-13106.42,-3.33
RELIANCE,2024-05-27,2024-05-30,1480.2,1431.27,245,3,stop_loss,290.12,631.19,-11987.03,-12908.34,-3.31
HDFCBANK,2024-05-29,2024-06-04,759.0,734.99,478,6,stop_loss,290.24,632.38,-11477.8,-12400.43,-3.16
LT,2024-05-31,2024-06-04,3636.4,3489.88,98,4,stop_loss,285.09,615.61,-14358.99,-15259.7,-4.03
HINDUNILVR,2024-05-24,2024-06-05,2378.5,2532.77,153,12,take_profit,291.13,697.52,23602.63,22613.97,6.49
INFY,2024-06-24,2024-07-03,1524.55,1635.36,236,9,take_profit,287.84,694.7,26150.81,25168.28,7.27
TCS,2024-07-03,2024-07-18,4020.0,4295.04,92,15,take_profit,295.87,711.26,25303.8,24296.67,6.84
ITC,2024-07-09,2024-07-19,447.6,474.62,842,10,take_profit,301.5,719.33,22749.72,21728.88,6.04
RELIANCE,2024-06-10,2024-08-09,1469.95,1460.0,194,60,signal_exit,228.14,509.83,-1930.3,-2668.27,-0.68
LT,2024-08-28,2024-09-06,3705.0,3570.18,103,9,stop_loss,305.29,661.91,-13886.77,-14853.98,-3.64
RELIANCE,2024-09-02,2024-09-06,1510.9,1462.84,252,4,stop_loss,304.6,663.54,-12111.59,-13079.73,-3.18
KOTAKBANK,2024-06-20,2024-09-20,1765.0,1911.67,196,92,take_profit,276.75,674.44,28747.16,27795.97,8.31
SBIN,2024-11-05,2024-11-21,829.85,793.53,422,16,stop_loss,280.16,602.77,-15325.95,-16208.87,-4.38
TCS,2024-12-02,2024-12-31,4270.0,4087.4,83,29,stop_loss,283.53,610.66,-15156.08,-16050.27,-4.28
LT,2024-11-27,2025-01-09,3704.0,3533.44,89,43,stop_loss,263.72,566.06,-15179.73,-16009.52,-4.6
KOTAKBANK,2025-01-06,2025-01-10,1821.0,1755.15,207,4,stop_loss,301.56,653.97,-13631.13,-14586.66,-3.62
INFY,2024-11-28,2025-01-17,1914.9,1830.19,179,50,stop_loss,274.21,589.69,-15163.72,-16027.62,-4.42
KOTAKBANK,2025-01-21,2025-03-24,1920.95,2105.62,159,62,take_profit,244.34,602.63,29362.88,28515.91,9.61
RELIANCE,2025-03-26,2025-04-02,1291.0,1244.95,295,7,stop_loss,304.68,661.07,-13584.22,-14549.97,-3.57
SBIN,2025-04-03,2025-04-07,770.0,740.54,488,4,stop_loss,300.61,650.49,-14377.87,-15328.97,-3.83
HDFCBANK,2025-03-21,2025-04-15,877.8,931.91,427,25,take_profit,299.86,716.27,23104.86,22088.73,6.16
RELIANCE,2025-04-23,2025-05-02,1297.0,1415.04,256,9,take_profit,265.63,652.05,30218.42,29300.75,9.1
ITC,2025-04-29,2025-06-06,428.9,420.3,884,38,signal_exit,303.32,668.78,-7602.4,-8574.5,-2.01
HINDUNILVR,2025-04-22,2025-06-23,2370.0,2273.94,156,62,stop_loss,295.78,638.52,-14985.05,-15919.35,-4.05
INFY,2025-06-17,2025-07-23,1620.7,1554.76,231,36,stop_loss,299.51,646.47,-15231.08,-16177.06,-4.07
HINDUNILVR,2025-07-10,2025-08-01,2423.4,2561.4,157,22,take_profit,304.38,723.85,21666.38,20638.14,5.69
LT,2025-08-05,2025-09-12,3630.0,3556.4,105,38,signal_exit,304.92,672.16,-7728.0,-8705.08,-2.03
LT,2025-09-17,2025-09-30,3672.0,3659.0,104,13,end_of_backtest,305.51,684.96,-1352.0,-2342.48,-0.35
